adj_sharpe,ic,mse,fold,best_iter
-0.2383005477234376,,2.879625607627501e-05,1,1
0.9690741659354266,,2.604254617918935e-05,2,1
-1.92660448904643,,5.392736457312114e-05,3,1
1.1121232137957873,,6.0486566396594045e-05,4,1
0.0411655835957158,,6.4421088937602e-05,5,1
