adj_sharpe,ic,mse,fold,best_iter
1.2173782546589078,,2.7062690503557916e-05,1,1
-1.2137890127616977,,3.819057938374127e-05,2,1
0.6423030538464896,,6.308585085948166e-05,3,1
0.360963883857327,,6.000324211973143e-05,4,1
1.091463031505452,,7.5850964118909e-05,5,1
