{
  "adj_sharpe": 0.07605011860277518,
  "ic": 0.0008477627910326449,
  "mse": 0.00011693189432235379
}