{
  "adj_sharpe": 0.5106377716989645,
  "ic": 0.1039772583142641,
  "mse": 5.052554998598958e-05
}