{
  "adj_sharpe": 0.14243105454507785,
  "ic": -0.038263631059649195,
  "mse": 4.1858418435573135e-05
}