{
  "adj_sharpe": -0.2951308759635785,
  "ic": 0.0683992304289227,
  "mse": 0.00011692476785979979
}