{"learning_rate": 0.0027775318453576335, "n_heads": 4, "dropout": 0.07394466957184292, "hidden_mult": 12}
